Name,Country,Phone
METZGEREI PESOLD,Germany,49 94 33 90 01 00
BCKEREI ZICKWOLF,Germany,+49 72 52 95 72 10
HOTEL SCHNECKEN SCHRDER,Germany,+49 615 97 09 05
BCKEREI PETER KRAMER GMBH,Germany,+49 61 57 27 19
SCHUMANN BCKEREI GMBH,Germany,+49 563 29 22 30
RESTAURANT & BOALINGBAHN ATRIUM,Germany,+49 34 47 50 49 53
SABINE KOLB,Germany,+49 22 11 20 68 50
ELISABETH DEISS,Germany,+49 263 24 29 07
KRAEUTER - TEE- GEWUERZE JOSEF MUELLER,Germany,+49 785 17 23 51
HFER WERKSVERTRETUNGEN GMBH,Germany,+49 62 44 90 51 65
HERMANN STEMMERDING,Germany,+49 25 51 20 15
CALLIPO GELATERIA S.R.L.,Italy,+39 0963 531 314
NICO FIEDLER - THORSTEN BOCK OHG,Germany,+49 23 43 69 54 91
AZIENDA AGRICOLA AZ SOCIET AGRICOLA,Italy,+39 053 558 531
MAZZOLA IGINO S.P.A.,Italy,+39 010 574 751
ARTI SEAFOOD GMBH,Germany,+49 40 84 50 41 56
DAS FEUERROTE SPLMOBIL MARCUS KRONENBERGER,Germany,+49 895 42 01 20
BEGATAL GMBH & CO. GASTRONOMIE-CATERING-HOTEL-KG,Germany,+49 526 59 46 40
PUDDING COMPARTMENT,United Kingdom,+44 01352730888
MOLINO SCOPPETTUOLO S.R.L.,Italy,+39 0825 446 493
WEINGUT HASELBERGER,Austria,+43 29 53 22 45
GASTHOF-PENSION KATRIN,Austria,+43 61 38 22 75
CHRISTIAN UND VERONIKA FISCHER OG,Austria,+43 225 28 71 30
KARL MANDL,Austria,+43 27 15 22 12
BCKEREI STEINER GMBH,Austria,+43 31 36 52 11 60
SUNNY BISCUITS LTD,United Kingdom,+44 01217666667
RTEMER BESENBEIZLI,Switzerland,+41 527 61 10 23
CHIARAMONTE KAFFEE-MASCHINEN-CENTER,Switzerland,+41 448 80 36 85
QUADRA S.R.L.,Italy,+39 0307 157 322
DIVI'S LABORATORIES EUROPE AG,Switzerland,+41 613 61 67 53
HERMESKEILER HOLZHACKSCHNITZEL PEMA E.K.,Germany,+49 65039520230
PERSONENSCHIFFAHRT EDERSEE GMBH & CO BETRIEBS KG,Germany,+49 56 23 54 15
DIE SEIFENENGEL,Germany,+49 30 35 40 24 07
HANSE KONTOR KIEL RALF DOSE,Germany,+49 43153778860
SCHMIDT & SCHMIDT WERBEAGENTUR GMBH,Germany,+49 911 97 58 00
GASTHAUSBRAUEREI KNIG VON FLANDERN,Germany,+49 821 15 80 50
GEBRDER STRSSLE AG,Switzerland,+41 628 55 90 80
STEIGENBERGER GRANDHOTEL BELVDRE,Switzerland,+41 814 15 60 00
JOHANN GRAF GMBH,Germany,+49 817 79 24 00
HOTEL EDELWEISS ENGELBERG AG,Switzerland,+41 416 39 78 78
CESARINI SFORZA SPUMANTI S.P.A.,Italy,+39 0461 382 200
"RETO NOTZ, HOTEL-HIPPEL KRONE",Switzerland,+41 317 50 18 18
RESTAURANT AARESCHLUCHT FAMILIE MICHAEL BRGGER,Switzerland,+41 339 71 32 14
EURAS INTERNATIONAL TRADE & TRAVEL GMBH,Germany,+49 22349333088
FROMAGERIES BEL SA,France,+33 1 40 07 72 50
HOTEL BERNERHOF AG,Switzerland,+41 338 55 27 21
GLOBAL SPORTS MARKETING LTD.,Switzerland,+41 432 44 94 64
EMMERICH EXCLUSIVBRILLEN,Germany,+49 23306062100
HOTEL BELLAVISTA ZERMATT AG,Switzerland,+41 279 66 28 10
HOTEL ROYAL ELMSHORN GMBH,Germany,+49 412 14 26 40
HOTEL ST. GOTTHARD AG ZRICH,Switzerland,+41 442 27 77 00
TL-RESTAURANT SA,Switzerland,+41 229 89 80 80
METZGEREI MICHAEL SCHNEIDER GMBH & CO. KG,Germany,+49 842 19 09 80
K + H AUTOMATENDIENST GMBH,Germany,+49 25 25 44 91
PALAZZO DEI CONGRESSI,Switzerland,+41 919 11 04 04
HOTEL EIGER GUESTHOUSE AG,Switzerland,+41 338 56 54 60
ZELTE- UND GETRNKEEXPRESS ZGE GMBH,Germany,+49 21 51 71 07 79
LE TRAITEUR VERTRIEBS GMBH,Germany,+49 61 51 91 33 56
CAVES DU CHTEAU D'AUVERNIER,Switzerland,+41 327 31 21 15
ANASTA WARENHANDELSGESELLSCHAFT MBH,Germany,+49 42 21 92 46 99
HOTEL PEIFER,Germany,+49 260 57 56
BRAUEREIGASTHOF ZUR MNZ,Germany,+49 82219167494
HOTEL RESTAURANT BERGHOF GMBH & CO.KG,Germany,+49 661 96 79 00
HOTEL STADT HANNOVER OHG,Germany,+49 551 54 79 60
LA SCALETTA S.N.C. DI GARABELLO EZIO & ALBERTO,Italy,+39 0383 545 691
HOTEL ZUR BURG,Germany,+49 67 52 96 31 26
SPIRITUOSEN WORLD GMBH,Germany,+49 23549159630
CDH ESERVICE GMBH,Germany,+49 30 72 62 56 00
LITTLE JOHN BIKES GMBH,Germany,+49 35 15 63 49 70
HOTEL BLAUER ENGEL GMBH,Germany,+49 37 71 59 20
SPORRER TECHNIK E.K,Germany,+49 99 22 13 18
C S S LTD,United Kingdom,+44 01416333293
BCKEREI KIEBLE,Germany,+49 82 23 46 28
RUDI KARCHER GMBH,Germany,+49 721 96 10 00
RESTAURANT KUPFERPFANNE,Germany,+49 911 77 12 77
RESTAURANT RIVA,Germany,+49 22719899224
CONFISERIE DES AGHLABITES,Tunisia,+216 70 83 73 32
ENERGYX-BAYERN,Germany,+49 17663286840
"ANTON VOLZ & HEINRICH RAT, GETRNKEHANDEL GBR",Germany,+49 176017634097148
LBBECKER HAFEN GMBH,Germany,+49 574 13 40 10
ANDREAS PTZ GMBH,Germany,+49 22 41 33 70 15
JOSEF BADER,Germany,+49 828 28 95 30
STEFAN KREUZER GMBH,Germany,+49 961 67 09 70
EUROPA GEWRZE GMBH,Germany,+49 306 11 23 56
NEUMARKT-FLEISCHEREI GMBH,Germany,+49 33724436100
WIESEL SERVICES GMBH,Germany,+49 22 12 85 85 90
RESTAURANT JETENBURGER HOF,Germany,+49 57 22 17 75
TEE-VERSANDHANDEL.COM,Germany,+49 38 81 49 85 90
RATHENOWER LEDERWARENFABRIK GMBH,Germany,+49 33 85 51 20 08
CAIPIRINHA - DIE PARTY BAND(E),Germany,+49 83 38 10 78
STADTBCKEREI AM GNSEMARKT HEINZ BSE GMBH,Germany,+49 40 35 52 50 50
HUBERT WESTENBERGER,Germany,+49 67 03 96 03 44
ALWA MINERALBRUNNEN GMBH,Germany,+49 714 76 01 00
MONDIAL CARNI DUE SRL,Italy,+39 0833 832 316
BUCHHALTUNGS- & BROSERVICE SIMSEK,Germany,+49 20360163578
KOCHSCHULE HAMBURG - POTTCOOKER,Germany,+49 17 34 62 33 36
FIRST CLASS CONCEPT GMBH,Germany,+49 35 14 18 88 50
LUXOR HOTEL FRANKFURT,Germany,+49 69 29 30 67 69
HEIDI HEUN KG,Germany,+49 666 32 28
KORNELIA KHLER,Germany,+49 27 34 46 70
PARKHOTEL KRONE GMBH,Germany,+49 625 17 30 81
HOTEL SCHLOSSHOF,Germany,+49 715 03 96 50
HOTEL PANORAMA INHABER WULF JANSHEN,Germany,+49 556 19 37 70
WILHELM WARNKE GETRNKE GMBH,Germany,+49 421 89 89 70
GERD FELSCH GMBH,Germany,+49 271 31 32 40
GETRNKE INSEL FRTH,Germany,+49 91 17 53 07 01
ABC AUTOMATIZARI SERVICE,Romania,+40 748 04 06 56
ESPENHOF GMBH,Germany,+49 735 46 27
WILLI DENNINGER,Germany,+49 61 51 92 66
HEINZ SCHTZ GMBH,Germany,+49 64 34 70 25
KARLI'S CAKES,United Kingdom,+44 02088418676
HUMAN NUTRITION GMBH,Germany,+49 18 05 99 35 63
MERCHANTMEN OF BRITAIN,United Kingdom,+44 01424774222
BASIRICO' PIETRO,Italy,+39 0923 881 613
HERUD & WEGERT GMBH,Germany,+49 38 74 25 08 60
HOTEL-METZGEREI REIDINGER GMBH,Germany,+49 82 53 99 79 20
WEINGUT UND BRENNEREI MUELLER-GILBERT,Germany,+49 670 36 57
METZGEREI STUMPF,Germany,+49 724 31 24 18
LANDLER GMBH,Germany,+49 88 03 48 89 10
BCKEREI KARL-HEINZ CRAMER,Germany,+49 239 33 36
"LANDGASTHOF - RESTAURANT ZUR ""KRONE""",Germany,+49 629 43 62
BRAUHAUS STIEFEL-JRGENS,Germany,+49 25 21 33 51
BCKEREI SCHULT,Germany,+49 23 62 32 18
ENOTECA GASTRONOMIE GMBH,Germany,+49 76 13 89 91 30
LANDHOTEL KRONE IM STEIGERWALD GMBH & CO KG,Germany,+49 955 69 22 50
"HOTEL -RESTAURANT-CAF SCHLOSS YSENBURG, MAY KG",Germany,+49 603 59 67 60
WEINGUT A. CHRISTMANN,Germany,+49 632 16 60 39
HOTEL ZUM OCHSEN,Germany,+49 772 39 31 16
MEN-SERVICE GMBH,Germany,+49 344 38 30 70
BERNDS-FESTBEDARF GMBH,Germany,+49 61 51 37 17 32
WEINGUT BRENNFLECK,Germany,+49 93 21 43 47
BCKEREI & MHLE BOELTZIG,Germany,+49 35 75 53 29
INGRID SCHRDER,Germany,+49 641 98 20 50
GASTHAUS PFLUG EWALD KIENINGER,Germany,+49 74 44 20 30
HOTEL GASTHOF ZUR KRONE BEILNGRIES,Germany,+49 84 61 65 30
RENATE SOWEK,Germany,+49 724 89 19 60
RESTAURANT PIAZZA ITALIANA,Germany,+49 304 04 46 13
HOTEL WRMTALER GSTEHAUS ANGELA & ANDREAS WEISSENFELD,Germany,+49 898 54 50 56
EIER & GEFLGEL POTTHOFF,Germany,+49 52469292886
LANDGASTHOF BIEGER,Germany,+49 91 94 95 34
WEINGUT HEINER SAUER,Germany,+49 634 16 11 75
HOTEL FROSCHKNIG,Germany,+49 561 57 02 50
E. MITTMANN GMBH & CO. KG,Germany,+49 44 81 93 79 80
HOTEL SKANDINAVIA,Germany,+49 558 26 44
GASTRO & SPIEL GMBH,Germany,+49 55 07 99 98 15
CITY-HOTEL GMBH,Germany,+49 681 93 27 00
STRANDHOTEL GMBH,Germany,+49 383 71 26 90
FERIENHAUS LAMBACH,Germany,+49 994 39 40 70
KLOSTERBRUHAUS URSBERG GMBH,Germany,+49 828 19 98 90
THERAPLAS INSTITUT GMBH,Germany,+49 60 21 43 90 30
HOLGER ALTSEIMER,Germany,+49 722 79 59 50
HOTEL - RESTAURANT ERLENHOF,Germany,+49 60 62 31 74
KARL-HEINZ REUSS,Germany,+49 83 82 88 73 30
HOTEL PERKEO,Germany,+49 622 11 41 30
PARKHOTEL CLOPPENBURG,Germany,+49 44 71 66 14 16
HOTEL-RESTAURANT-CAF STERNEN FAMILIE WOLFGANG SPRINGMANN,Germany,+49 784 29 49 60
HOTEL LES NATIONS GMBH,Germany,+49 303 92 20 26
LANDHOTEL HAUS DORIS,Germany,+49 65 89 71 10
"SEEHOTEL SCHWANENHOF, FABIAN FREESE E.K.",Germany,+49 454 28 48 30
SUNSHINE CATERING SERVICE GMBH,Germany,+49 33 42 35 77 10
HOTEL SONNENBERG BETRIEBS GMBH,Germany,+49 612 36 05 50
DELIKATESSEN DORN,Germany,+49 52 51 29 66 77
MARSCHENHOF WREMEN GMBH,Germany,+49 470 51 80
HOTEL RHEINGOLD GMBH,Germany,+49 76 12 82 10
RUDOLF KNERR,Germany,+49 94 15 86 60
DKB STIFTUNG SCHORSSOW UG,Germany,+49 39 93 37 90
SCHLOSSRESTAURANT SCHWETZINGEN GMBH,Germany,+49 620 29 33 00
FREINSHEIMER HOF GMBH,Germany,+49 63535080410
AZIENDA VITIVINICOLA CAS,Italy,+39 0922 604 295
WEINGUT DR. ALEX SENFTER,Germany,+49 61 33 55 66
WALDSCHENKE AVINO GMBH,Germany,+49 20 93 04 55
GEBRDER RIMMELE,Germany,+49 773 83 89
"ERWIN FREUNDL, FLEISCH- UND WURSTWAREN",Germany,+49 82 52 14 26
HANS EICHNER,Germany,+49 98 51 21 86
MNSTERKELLEREI AG,Switzerland,+41 319 70 31 41
HERMANN KEMPF,Germany,+49 96 33 22 26
SCHACHVERSAND ULLRICH,Germany,+49 95 22 30 45 80
"DISCO 84, MICHAEL TZSCHIRNER",Germany,+49 36 25 58 76 73
ROLF GEIGER,Germany,+49 742 38 44 33
DREIMDELHAUS KATTAU GMBH,Germany,+49 420 68 31
HOTEL GOTTINGER,Germany,+49 85 81 98 20
ANTON FICHTELMANN GMBH,Germany,+49 531 87 59 59
HOTEL GASTHOF HIRSCHEN,Germany,+49 767 38 88 60
SOLAR PARKHOTEL,Germany,+49 35 16 56 60
JOHANN KLINK JUN. KARTOFFELGROSSHANDEL GMBH,Germany,+49 845 44 43
"METZGEREI BRAUER, BLANCA PANCHYRZ UND WOLFGANG BRAUER GBR",Germany,+49 61 22 37 39
BCKEREI HOLGER MHLER,Germany,+49 239 29 79 30
AUTOMATEN-PARTNER,Germany,+49 81 31 32 13 90
BCKEREI - KONDITOREI SEMLER GMBH & CO. KG,Germany,+49 730 39 60 80
LUTZ THOBEN,Germany,+49 30 36 75 89 13
LITTLE VALLEY BREWERY LTD,United Kingdom,+44 01422883888
DNISCH GETRNKE GMBH,Germany,+49 97 33 12 86
ANGELIKA BOSCHERT,Germany,+49 780 69 87 80
HOTEL WESTFLISCHER HOF,Germany,+49 211 38 20 97
"HOTEL-RESTAURANT ""ZUM-SNGER AN DER AHR""",Germany,+49 264 13 60 66
LONGMAN CHEESE SALES LTD,United Kingdom,+44 01963441146
KLKER BESTATTUNGSHILFE GMBH,Germany,+49 25 71 50 34 56
TMK S.R.L.,Italy,+39 0445 805 906
ARCADIA HOTELS GMBH & CO. KG,Germany,+49 85 52 44 80
"BRAUEREI-GASTHOF ""HOTEL ZUM ANKER""",Germany,+49 84 13 00 50
HOTEL ASTORIA DSSELDORF,Germany,+49 211 38 51 30
HOTEL EUROPA BETRIEBSGMBH,Germany,+49 69 23 60 13
RHEINHOTEL REBSTOCK - FAM. SYLVAIN GAUDEL,Germany,+49 67 42 48 76
KAMMERER KG,Germany,+49 722 16 50 43
BAUER-HANDELSAGENTUR,Germany,+49 81 39 80 21 01
GEBRDER KUNZMANN GMBH,Germany,+49 721 20 13 20
WALTER WIDMANN,Germany,+49 711 48 07 60
PARKHOTEL OSTFILDERN,Germany,+49 71 13 41 68 80
HOUSE OF BOUTIQUE CAKES LTD,United Kingdom,+44 01915118295
PETERS KOMPLETTSERVICE,Germany,+49 22 37 45 22
EVENT CREW INTERNATIONAL GMBH,Germany,+49 34 19 61 53 31
BUCHBINDEREI CAPELLE E.K.,Germany,+49 61 92 85 95
WOLTING NATURPRODUKTE-VERTRIEBS GMBH,Germany,+49 60 74 91 44 30
LANDWIRTSCHAFTLICHES LAGERHAUS ROTTENBURG A.L. PETER LANDENDINGER GMBH & CO. KG,Germany,+49 878 19 42 70
BUCHHALTUNGSSERVICE HESSLER,Germany,+49 22249887598
3D AGENTUR BERLIN. VISUALISIERUNG UND ANIMATION,Germany,+49 30 89 37 10 14
HORNBEAM BREWERY,United Kingdom,+44 01613205627
ITALIADAMANGIARE,Italy,+39 08653382950
THIEM-BEST OF BIOWINE E.K.,Germany,+49 092 38 16 56
PFARRKIRCHNER IMKERHOF,Germany,+49 85 61 91 19 33
APEX GMBH SCHDLINGSBEKMPFUNG MNCHEN,Germany,+49 89 96 05 16 00
GALILEO CATERING PARTYSERVICE,Germany,+49 91319708074
INGATESTONE VETERINARY CENTRE,United Kingdom,+44 01277353642
LAZARO PASTELEROS,Spain,+34 685 74 60 93
SHAPESHIFTER MEDIA,Germany,+49 40 41 92 93 70
EDWARD WINOKAN - GRAFIKDESIGN & ILLUSTRATION,Germany,+49 17621655924
LUTHERS EDELBRNDE - NABUCO KFT.,Germany,+49 221677707240
BON BUFFET SERVICE,Germany,+49 60289999437
DINNER MIT DEM KILLER - EVENTS,Germany,+49 62025778777
FLEISCHEREI FISCHER INHABER FRANK FECHTER E.K.,Germany,+49 956 19 42 14
PRO CATERING SERVICE GMBH,Germany,+49 355 54 15 25
HOTEL ANKER,Germany,+49 26 33 93 29
STAGE ENTERTAINMENT GMBH,Germany,+49 71 17 25 49 00
PARKHOTEL NIEDERRHEIN,Germany,+49 284 22 10 40
"HOTEL-GASTHAUS NACHTIGALL, WOLFGANG KIENZLER BETRIEBS-GMBH",Germany,+49 722 46 81 50
HOTEL ALEXANDERSBAD GMBH & CO KG,Germany,+49 92 32 88 90
AGENTUR RITA HERMANN GMBH,Germany,+49 17 92 50 67 57
PALAIS SCHLOSSRONDELL NR 6 BETRIEBS GMBH,Germany,+49 891 79 59 94
HAUS MONS TABOR,Germany,+49 260 21 70 35
RESTAURANT FUGGEREI,Germany,+49 717 13 00 03
GERD UND ANNEGRET BECKMANN FERIENWOHNUNGEN-GSTEZIMMER,Germany,+49 414 17 07 07
KONZERTDIREKTION FRITZ DIETRICH GMBH,Germany,+49 69 54 56 58
TIEFKHL-PETERS BARBARA PETERS E.K,Germany,+49 659 79 01 90
KLAUS KNITTEL,Germany,+49 707 19 44 10
HOTEL DNENSCHLOSS KLAUS & MARTINA VOLLRATH GBR,Germany,+49 38 37 77 90
HOTEL SCHWARZENBACH,Germany,+49 35 37 27 60
KARL HARTMANN HOTELBETRIEBS-GESELLSCHAFT KG,Germany,+49 27 72 70 60
HOTEL BERLINER HOF MANFRED NOLL-BAUES,Germany,+49 21 91 60 92 10
HOTEL BERLIN IN BAD BEVENSEN,Germany,+49 58 21 50 60
HOTEL TERRASSENCAF VIERBURGENECK FAMILIE SCHACHTEN,Germany,+49 622 95 42
ANKE SCHFER,Germany,+49 663 19 66 00
BODDEN-GETRNKE GMBH,Germany,+49 38 17 76 11 30
HOTEL & GASTHOF ZUR POST,Germany,+49 35 01 55 00
RINDERHANDEL BARNIMPORT-EXPORT,Germany,+49 15204890619
HOTEL SPTTEL,Germany,+49 603 29 30 40
SCHMANKERLKRBE.DE,Germany,+49 81 05 39 30 61
EHRENREICH SAUERKONSERVEN GMBH,Germany,+49 625 15 71 33
F&G PFAFF GBR AUTOGLAS-FOLIENTECHNIK- BESCHRIFTUNGEN,Germany,+49 74 11 75 70 22
ALINATUR PETFOOD,Spain,+34 968 47 61 54
GEBHARDT FREIZEIT-TECHNIK GMBH & CO. KG,Germany,+49 71 12 30 85 74
ECKART FLEISCHWAREN GMBH,Germany,+49 617 17 40 21
DER HEIDELBEER - OBSTBAU MIKE EMMERICH,Germany,+49 33056400673
RANK & BTTIG GASTRONOMIE GMBH,Germany,+49 35 14 98 98 03
KOPPENHFER OHG,Germany,+49 73 32 30 95 83
JUCKES OF WORCESTER LTD,United Kingdom,+44 01299890113
PARTYWELT-VERLEIHSERVICE,Germany,+49 78 22 95 15
THEO HEYNE BRSCHINGERS NUDELN,Germany,+49 624 13 49 60
MIETSERVICE-BAUTZEN.DE,Germany,+49 35937889995
PARTYSERVICE SABINE KEHLBERGER,Germany,+49 61 31 63 23 53
GAS FOOD S.L.,Spain,+34 688 23 86 55
FRANZ TACKENBERG,Germany,+49 54 61 42 91
FUTTERTROG,Germany,+49 17 32 03 63 26
BERND SCHWARZE,Germany,+49 421 45 30 27
POWER-FOOD FITNESS-BODY-SHOP UG (HAFTUNGSBESCHRNKT),Germany,+49 39 16 23 18 15
GROSSMANN GMBH,Germany,+49 721 61 48 70
HEIMSPIEL EVENTS,Germany,+49 73 33 96 70 26
PARTYSERVICE STEINHEIMER,Germany,+49 610 38 62 77
FABIAN ROSSBACHER,Germany,+49 16097742917
BCKEREI - KONDITOREI ERNSTING GMBH & CO. KG,Germany,+49 281 16 49 30
CRIV SRL,Italy,+39 0923 533 448
PARTY-SERVICE PICKER,Germany,+49 25 46 13 59
"DER SSSE REGENBOGEN, KARSTEN EBERT GROSS- & EINZELHANDEL",Germany,+49 52 03 91 73 09
HARALD SCHIPPER,Germany,+49 58 25 13 59
GETRNKESERVICE BENSTEIN,Germany,+49 405 50 54 26
FLEISCHEREINKAUF LEIPZIG E. G.,Germany,+49 341 30 90 90
LANDI OBERWIGGERTAL,Switzerland,+41 419 84 12 00
JOBSON,United Kingdom,+44 01228791230
INSTITUT HEIDGER,Germany,+49 65 35 94 95 90
HAUSMACHER FLEISCH- UND WURSTWAREN GEBR. KEMMLER GMBH,Germany,+49 61 87 62 15
WENDELS TIERPARADIES CATHRIN UND VOLKER WENDEL,Germany,+49 63 53 91 98 44
MEISENBERG-BIERVERT FLEISCHWARENHANDELS GMBH,Germany,+49 240 75 93 41
FEINKOST LTTEN INH. RALF LTTEN,Germany,+49 241 52 62 17
COOP OLEICOLE VALLEE DES BAUX,France,+33 4 90 54 32 37
WILLIAM SWORD LTD,United Kingdom,+44 123672 50 94
NORTH YORKSHIRE LAW,United Kingdom,+44 172336 00 01
PACHA DISTRIBUTION,France,+33 4 91 08 33 24
BABLAKE WINES LIMITED,United Kingdom,+44 24 76 22 82 72
CONSERVIERA ADRIATICA S.P.A.,Italy,+39 0736 888 004
WALLACES OF AYR LIMITED,United Kingdom,+44 12 94 22 30 20
DE MAEKELBOERGER NEUBRANDENBURGER BACK- UND KONDITOREIWAREN GMBH & CO. KG,Germany,+49 395450 20
HILTON MEATS (COOKSTOWN) LIMITED,United Kingdom,+44 28 86 76 21 06
LYONS SEAFOODS LIMITED,United Kingdom,+44 19 85 22 43 00
DEVENISH NUTRITION LIMITED,United Kingdom,+44 28 90 75 55 66
B.P. & S.C. LIMITED,United Kingdom,+44 16 04 76 64 61
"KIRBY & WEST,LIMITED",United Kingdom,+44 11 62 22 00 00
MELBOURNE HOLDINGS LIMITED,United Kingdom,+44 15 29 46 16 66
SOCIETE CIVILE D EXPLOITATION DU CHATEAU LARMANDE,France,+33 5 57 24 71 41
INGSTRUP MEJERI A/S,Denmark,+45 98 88 30 14
"JOSEF VONACH, VIEH- UND FLEISCHGROSSHANDEL GESELLSCHAFT M.B.H. & CO. KG.",Austria,+43 557471 20 90
NEW FOREST ICE CREAM LIMITED,United Kingdom,+44 23 80 87 15 08
GLCK'L GASTRO CATERING E. KFM.,Germany,+49 53613089860
BLMER FLEISCH GESELLSCHAFT MIT BESCHRNKTER HAFTUNG,Germany,+49 383 25 64 10
AGRISAN NATURPRODUKTE GESELLSCHAFT M.B.H.,Austria,+43 624583 28 20
DISTILLERIES ET DOMAINES DE PR OVENCE,France,+33 4 92 75 00 58
CHAMPAGNE GUY CHARLEMAGNE,France,+33 3 26 57 52 98
CHAMPAGNE ELLNER SAS,France,+32 3 26 55 60 25
SARL RAYMOND BOULARD & FILS,France,+33 3 26 58 12 08
A. KAMPHENKEL GMBH & CO. VERTRIEBS KG,Germany,+49 30 75 75 53
PIERRAT,France,+33 3 29 57 55 55
BAKKERIJ NANNING B.V.,Netherlands,+31 523 61 50 51
MARIE DE LIVINHAC SA,France,+33 5 65 43 25 25
ALIMENTARI ZORATTI S.R.L.,Italy,+39 0289 124 195
CHATEAU DE ST JULIEN D'AILLE,France,+33 4 94 73 02 89
DOLCIARIA CASTELLANA ( S.A.S. ),Italy,+39 086 293 511
"KORMORAN NATURWAREN, INHABER: MARIO SCHULZ",Germany,+49 30 25 94 06 10
COOPERATIVE GENERALE DES VIGNERONS,France,+33 3 26 55 15 88
LA BISCUITERIE PROVENCALE,France,+33 4 67 80 16 87
STE D'EXPLOITATION DES SOURCES DE SIGNES,France,+33 5 59 34 91 33
FERDINAND WOLFF GMBH & CO.,Germany,+49 911 93 79 30
SOC GOURSAT ET MARTINEZ,France,+33 9 64 05 68 08
ROYAL CRAB,Russia,+7 49 57 81 78 28
ENOLOGICA BONINSEGNI S.N.C.,Italy,+39 0575 742 545
SARL ROGER JUNG ET FILS,France,+33 3 89 47 92 17
DELICE MONDIAL,France,+33 2 97 33 35 53
HANDELSVERMITTLUNG KNOPF/KNOPF GBR,Germany,+49 62 02 12 67 37
"9,5 BAR - ESPRESSO IN PERFEKTION AXEL MNCH",Germany,+49 21 33 42 84 10
CHOCOLATS-DE-LUXE.DE GMBH,Germany,+49 51178094370
HINTERBERGER GMBH,Austria,+43 747 26 11 98
BRENNEREI ARNO BILLER,Germany,+49 755 19 13 33
FINE FOOD CATERING - FRHLICH GMBH,Germany,+49 21 13 02 36 50
"DIETER KLEIN, MINERALLHANDEL E.K.",Germany,+49 24479179790
KONDITOREI J. FASTERT E.K.,Germany,+49 40 51 88 00
SWISSLION D.O.O.,Serbia,+381 112 06 93 00
JESTER-LORENA-COSMETICS GMBH,Germany,+49 61 73 31 80 50
BURKHARDT-BRENNSTOFFE GMBH,Germany,+49 64 01 52 05
REINHOLD BRETSCHNEIDER,Germany,+49 565 13 13 91
AGENTUR SPECIAL MOMENTS - MAG. (FH) SUSANNE KORNMLLER,Germany,+49 72224018503
STEFFI'S GETRNKE STAR,Germany,+49 52 24 99 73 38
YENI CALISKANLAR GIDA LTD. STI.,Turkey,+90 53 12 54 92 99
ALLIED MASSARELLA,United Kingdom,+44 01302820325
THE FEEL GOOD DRINKS CO,United Kingdom,+44 02076877651
EASTBROOK FARM ORGANIC MEATS LTD,United Kingdom,+44 01793790340
GASPARINI GIROLAMO S.N.C.,Italy,+39 0445 314 915
LOCKE & PRESTON LTD,United Kingdom,+44 01409254078
HORECA TOTAAL SLUIS B.V.,Netherlands,+31 117 46 13 20
CASANOVA HERMANOS SA,Spain,+34 972 74 00 50
CONSERVAS MANCHEGAS ANTONIO S.L.,Spain,+34 926 87 01 12
VICTOR GOMEZ S. A.,Spain,+34 923 58 06 54
DELIVER GLOBAL S.L.,Spain,+34 971 71 18 56
MALU' S.N.C.,Italy,+39 0676 902 607
"CONGELADOS EN GENERAL, S.A.",Spain,+34 924 27 56 04
COMERCIAL CATCHOT SA,Spain,+34 971 36 30 52
DOMAINES LANDRON,France,+33 2 40 54 83 27
CHAMPAGNE JEAN NOEL HATON,France,+33 3 26 58 40 45
CANTINA SOCIALE MENDRISIO,Switzerland,+41 916 46 46 21
MONTICCHIO GAUDIANELLO S.P.A.,Italy,+39 0972 750 611
CHIAPELLA S.R.L.,Italy,+39 0173 732 001
FOOD INTERNATIONAL S.R.L.,Italy,+39 035 662 345
SCE VITICOLE,France,+33 3 26 03 22 46
LICQUES VOLAILLES SCI,France,+33 3 21 35 80 03
MULINO ALIMENTARE S.P.A.,Italy,+39 0521 602 611
PASTICCERIA RIPPA,Italy,+39 013 184 114
AUTOMATEN MARTIN GMBH & CO. KG,Germany,+49 274 12 79 55
MAISON MOMMESSIN ET THORIN,France,+33 4 74 69 09 30
DOGFOOD24.DE,Germany,+49 28 13 00 89 02
FROMAGERIE D'ANJOUIN,France,+33 2 54 40 63 67
SOCIETE CIVILE DU CELLIER SAINT SIDOINE,France,+33 4 98 01 80 50
VEGETARIA CATERING SERVICE GBR,Germany,+49 89 12 01 81 60
RUHRTALER WAFFEKFABRIK H. JASPERT GMBH & CO. KG,Germany,+49 208 42 06 62
LANDKCHE HENKE,Germany,+49 216 25 08 32
SALUMIFICIO SAN GIACOMO S.R.L.,Italy,+39 096 885 247
SABINE BRK & SABRINA JUNG GBR,Germany,+49 30 85 40 73 89
MOULINS DE CHERISY,France,+33 2 37 62 77 77
SCHULTHEISS GMBH,Germany,+49 83 95 93 36 89
DOLCIARIA RINALDONE S.R.L.,Italy,+39 0761 352 748
TMB GMBH,Germany,+49 52 11 36 62 00
MOZART DISTILLERIE GMBH,Austria,+43 66 28 75 77 20
CAFFE' GIOVANNACCI,Italy,+39 019 680 098
GETRNKE MEKKA GMBH,Germany,+49 98 41 68 99 90
SULTAN BACKPARADIES GMBH,Germany,+49 89 20 03 03 01
GOVI S.R.L.,Italy,+39 0376 527 610
ALPHA SENLI GMBH,Germany,+49 56 18 70 65 04
SOARD PATRICK & VINCENT,France,+33 4 90 62 95 61
MINOSS TIERNAHRUNG GMBH,Germany,+49 24 64 90 99 30
DOMAINE PIQUEMAL FRANK ET MARIE PIERRE,France,+33 4 68 64 09 14
DAHMEN MINERALLE GMBH & CO. KG,Germany,+49 24 01 33 71
EMMECI ALIMENTARI S.R.L.,Italy,+39 075 951 246
WASSERMANN GETRNKE LIEFERSERVICE,Germany,+49 51 12 77 22 55
SA SABOURIN FRERES,France,+33 5 57 42 15 27
DITTON WINE TRADERS,United Kingdom,+44 02083399112
DOMAINE CASABIANCA,France,+33 4 95 38 96 00
TIEFKHLBACKWAREN EINHAUS GMBH,Germany,+49 23 66 18 14 90
CONFISERIE TRIKI LE MOULIN,Tunisia,+216 74 46 99 00
TORTENBILDER-SPEZIAL,Germany,+49 68 97 90 93 56
SARL THONNARD,France,+33 5 49 73 47 42
FADDA SALVATORE DI MARIA ELENA FADDA S.A.S.,Italy,+39 079 886 554
CASALE VALLECHIESA S.R.L.,Italy,+39 069 417 270
LOCKVOGEL ANJA GEISLER & IMKE HASENBEIN GBR,Germany,+49 25162560774
PIERRE CHAUVET,France,+33 4 75 35 55 15
SERVICE CENTER NORD GBR,Germany,+49 21159817776
AGRITURISMO CASA SHANGRI - LA,Italy,+39 0432 756 317
KELLMANN PRODUKTIONS GMBH,Germany,+49 39 31 49 03 70
DOMAINE DES SANZAY,France,+33 2 41 52 91 30
SEMINARHAUS VILLA WEDENBERG,Germany,+49 45 41 87 03 78
THE NORTHERN CLUBS' FEDERATION BREWERY LTD,United Kingdom,+44 191460 90 23
SEMENCES VERTES,France,+33 1 40 66 22 22
OTLEY BREWING,United Kingdom,+44 01443480555
NORTHERN SEAFOOD EUROPE LTD,United Kingdom,+44 729 49 28 18
FRIGOS DE LA MAMORA (LES),Morocco,+212 05 22 31 07 01
DOVECOTES,United Kingdom,+44 01902747775
BOUJA INTERNATIONAL,Morocco,+212 05 28 33 57 24
BODEGAS ALAVESAS SA,Spain,+34 945 60 01 00
"CONSERVAS HUERTAS, S.A.",Spain,+34 926 80 01 37
MARCOS SOTOSERRANO S.L.,Spain,+34 923 42 20 27
CANTINA TREXENTA,Italy,+39 0709 808 863
GAGLIANO MARCATI S.R.L.,Italy,+39 045 515 155
STE COOP VINICOLE LES COTEAUX DU RHONE,France,+33 4 90 70 04 22
ANDREAS WALKNER GMBH & CO. KG,Austria,+43 62 17 81 34
I BUONATAVOLA SINI S.R.L.,Italy,+39 0761 571 052
SELECCION GOURMET 91 S.L.,Spain,+34 916 81 99 20
U.D. DISTRIBUZIONI DI USLENGHI E. C. ( S.N.C. ),Italy,+39 0331 844 132
AMARO SAN SIMONE S.R.L.,Italy,+39 0112 265 074
MOT HENNESSY DEUTSCHLAND GMBH,Germany,+49 8999 42 10
FRANTOIO DI MATRAIA DI NENCINI CARLA & C. S.A.S.,Italy,+39 058 330 060
ORTENAUER WEINKELLEREI GESELLSCHAFT MIT BESCHRNKTER HAFTUNG,Germany,+49 78 15 02 61 90
MINESTRINI ( S.N.C. ),Italy,+39 0755 009 480
KERSHAWS FROZEN FOODS LIMITED,United Kingdom,+44 17 04 53 07 67
SCI DIDIERLAURENT,France,+33 3 29 63 03 48
GULDEN KRAKELING ZUID B.V.,Netherlands,+31 735 18 49 71
BODEGAS DE CRIANZA DE CASTILLA LA VIEJA S.A.,Spain,+34 983 86 83 36
ELLIS OF RICHMOND LIMITED,United Kingdom,+44 20 87 44 55 50
CANTINE CIPRESSI S.R.L.,Italy,+39 0874 874 535
PHILIPPONNAT LES DOMAINES ASSOCIES,France,+33 3 26 56 93 14
DOMEIN DE KLUIZEN,Belgium,+32 53 41 86 01
DAIRYGOLD FOOD INGREDIENTS LTD,Ireland,+353 25244 11
HAJDUHUS 2000 KERESKEDELMI ES SZOLGALTATO KORLATOLT FELELOSSEGU TARSASAG,Hungary,+36 52 47 09 21
COUNTRY PARK FOODS LIMITED,United Kingdom,+44 14 84 64 21 26
GEBROEDERS VAN DEN MAAGDENBERG B.V.,Netherlands,+31 165 50 38 50
THE LORENZ BAHLSEN SNACK-WORLD PRODUCTION GMBH & CO.KG GERMANY,Germany,+49 61 02 29 30
EARL DOMAINE PIERRE VESSIGAUD,France,+33 3 85 35 81 18
O'HARA'S BAKERY OF FOXFORD LTD,Ireland,+353 94925 61 14
MUHLE BURGHOLZ,Switzerland,+41 79656 42 88
LE FUMET DES DOMBES,France,+33 4 72 26 44 42
PASTICCERIA FORLIVESE (S.N.C.),Italy,+39 0543 554 770
MESSINA,Italy,+39 0922 418 061
DI CICCO LIQUORI S.R.L.,Italy,+39 0872944 328
GEL GROSS S.R.L.,Italy,+39 0833914 242
TORNEY LANDFLEISCHEREI PRIPSLEBEN GMBH,Germany,+49 396 12 56 30
CASEIFICIO DELIZIE DELLA NATURA S.R.L.,Italy,+39 0965 636 665
TRIPTISER WURSTWAREN GMBH,Germany,+49 364 82 80 30
ZDEMIR DNER PRODUKTIONS-GMBH,Germany,+49 304 90 00 70
BRAUER-VEREINIGUNG PEGNITZ GESELLSCHAFT MIT BESCHRNKTER HAFTUNG,Germany,+49 92 41 20 35
FEINBCKEREI THIELE GESELLSCHAFT MIT BESCHRNKTER HAFTUNG,Germany,+49 551 38 38 30
CONSERVAS ECYDSA S.L.,Spain,+34 941 13 07 57
SPREEWALD-FELDMANN GMBH & CO. KG,Germany,+49 354 62 74 50
MILCHWERK CRAILSHEIM-DINKELSBHL EG,Germany,+49 795 19 37 10
GEMEINSCHAFTSKONDITOREI HERFORD-SUNDERN GMBH & CO PRODUKTIONS KG,Germany,+49 522 16 13 53
KLOSTERBRAUEREI REUTBERG E.G.,Germany,+49 802 12 58
GEBRDER FRSTER GMBH,Germany,+49 934 69 21 00
BCKER ANDRESEN & SOHN OHG,Germany,+49 43 21 56 96 90
CONSERVAS SERRANO S.L.,Spain,+34 941 13 03 86
WELLEN GUTLAND GMBH CO. KG,Germany,+49 215 14 41 20
VOLLKORNBCKEREI BROTGARTEN GMBH,Germany,+49 431 57 97 40
KLAUS GMBH & CO. KG,Germany,+49 384 59 68 10
M.A.C. INTERNATIONAL S.R.L.,Italy,+39 025 516 422
PASTICCERIA PROSDOCIMI FRANCO E C. S.N.C.,Italy,+39 041 907 724
AZIENDA VINICOLA CUSTODI GIANFRANCO,Italy,+39 076 329 053
SARL JOSEPH BALLAND CHAPUIS,France,+33 2 48 54 06 67
PASTIFICIO ATTILIO MASTROMAURO,Italy,+39 0808 721 821
ANTICHE FOSSE DI ROSSINI DR GIANFRANCO & C.,Italy,+39 0541 948 687
CHOCOLATS GINET,France,+33 4 78 42 09 82
SCHOLLER ICE CREAM LIMITED,United Kingdom,+44 14 83 20 55 00
HALL FINE FOOD EXPORTERS LIMITED,United Kingdom,+44 20 89 77 13 22
MAISON MAURICE LIMITED,United Kingdom,+44 20 88 56 71 47
D. SIDOLI & SONS (SHREWSBURY) LIMITED,United Kingdom,+44 19 38 55 52 34
WINDWARD ISLES BANANA COMPANY (UK) LIMITED,United Kingdom,+44 14 89 58 75 70
EPOREDIA S.R.L.,Italy,+39 012 548 597
DITTA EREDI LUIGI POSCIA S.R.L.,Italy,+39 070 788 644
EVRIMEX GROUP E O O D,Bulgaria,+359 2925 02 18
SOTI O O O,Belarus,+375 172 26 51 66
SARL LA COLOMBARIE,France,+33 5 63 33 92 62
IBERICO SIERRA DE AZUAGA S. A.,Spain,+34 924 89 18 16
DELPHIN-AMAZONIA AG,Switzerland,+41 61416 10 10
DANISCO SWEETENERS,France,+33 1 56 60 47 00
STE PERIGORDINE DE SALAISONS,France,+33 5 53 02 66 66
AU PARRAIN GENEREUX,France,+33 3 80 30 38 88
PERRUQUET CIPRIANO DI PERRUQUET EMANUELE E C.SAS,Italy,+39 0115 119 478
STE GAMMOUDA SA,Tunisia,+216 71 88 30 88
IBERIA S.R.L.,Italy,+39 0721 969 428
GETRNKE GEINS GMBH,Germany,+49 372 07 68 60
PARADIESFRUCHT GMBH,Germany,+49 41486151406150
CASEIFICIO SOCIALE DI PREDAZZO E MOENA S.C.A.R.L.,Italy,+39 0462 501 287
CANCIANI,Italy,+39 0481 530 736
FATTORIA GIUSEPPE SAVINI S.R.L.,Italy,+39 0858 048 022
EUROSALUS ITALIA S.R.L.,Italy,+39 0456 000 589
ORIGINAL GIUSEPPE CURRERI S.R.L.,Italy,+39 092 522 821
FIORENTINI ALIMENTARI S.P.A.,Italy,+39 0114 704 568
EUROBEVANDE S.R.L.,Italy,+39 0434 570 304
FLEISCHEREI HOLZAPFEL THRINGER FLEISCH- UND WURSTWAREN GMBH,Germany,+49 346 73 77 00
VION CONVENIENCE CHEMNITZ GMBH,Germany,+49 37 18 14 50
"JOLPEN-COMERCIO DE BEBIDAS, LDA.",Portugal,+351 269 44 10 36
FANTINATO LINEADOLCE,Italy,+39 0423 949 902
ANDRE LENORMAND TRAITEUR SARL,France,+33 2 38 43 29 09
CASEARIA AGRICOLSUD S.R.L.,Italy,+39 0818 802 425
SCHUHBECK'S GEWRZE GMBH,Germany,+49 892 11 69 00
DOLOMITI FRUITS S.R.L.,Italy,+39 0463 454 022
PAONE MIMMO,Italy,+39 0909 981 101
MINERAL SERVICE S.N.C.,Italy,+39 0113 098 913
SEMENZATO ALIMENTARI S.R.L.,Italy,+39 051 903 619
SALUMIFICIO MONTE LINAS,Italy,+39 0709 314 474
SWAREN- UND SPIRITUOSENGROHANDEL DIETER SCHWADORF,Germany,+49 22 22 20 61
OLEARIA CALDERA S.R.L.,Italy,+39 0365 659 020
LAVORAZIONE PINOLI S.N.C. DI LANINI MAURO E GALLAI LORENO,Italy,+39 0564 400 035
TERRANOSTRA S.R.L.,Italy,+39 0808 722 572
BODEGAS Y VINEDOS DEL JALON S.A.,Spain,+34 976 89 30 17
LABORATORIO COMBA DI CERRINA LUCIANO E GRANDE PIETRO S.D.F.,Italy,+39 011 359 937
FRISCHDIENST-UNION MOLKEREIPRODUKTE VERTRIEBS GMBH,Germany,+49 71183 09 20
DOLCIARIA SANREMESE S.R.L.,Italy,+39 0184 510 350
FRUCHTAGENTUR GMBH ALTES LAND,Germany,+49 414 17 90 00
RAISDORFER MHLE JRG-PETER SCHMIDT E. KFM.,Germany,+49 43 07 82 44 90
DELIS SA,France,+33 4 70 30 54 54
"PIMENTON, ESPECIAS Y PREPARADOS LA FLOR DE ESPANA SL.",Spain,+34 968 83 28 11
"ALTACARNES - COMERCIO DE CARNES, LDA",Portugal,+351 219 75 89 80
CINAR KONSERVE VE SEKERLEME TURISTIK TESISLERI SAN VE TIC LTD STI,Turkey,+90 224384 10 80
JOSEF SCHADER GEFLGEL-GRO- UND EINZELHANDEL INH. DIETER HLZEL E.K.,Germany,+49 624 18 01 91
APOLLINARIS GMBH,Germany,+49 264 18 20
EREDI COZZOLINO MICHELE DI COZZOLINO SALVATORE,Italy,+39 0813 447 459
CENTRO DISTRIBUZIONE BIBITE ZINIELLO DI MENNILLO ASSUNTA E C. S.N.C.,Italy,+39 0818 805 123
CARTOARTIGIANA DI RAFFAELE NAPOLI,Italy,+39 095 454 305
DOLCIARIA MONARDO,Italy,+39 0963 351 107
OTTO CRIENITZ KG OBERMHLE,Germany,+49 366038823132
PRZEDSIEBIORSTWO PRODUKCYJNO HANDLOWO USLUGOWE OMEGA JANUSZ GUDER,Poland,+48 75764 74 36
BON JOUR S.R.L.,Italy,+39 0106 453 379
GROSSMANN FEINKOST GMBH,Germany,+49 54 38 51 03
BGZ,Italy,+39 0543 921 408
ISIMBARDA S.A.S. SOCIETA' AGRICOLA DI MERONI LUIGI E C.,Italy,+39 0383 899 256
OLEIFICIO MONGIO' DOTT. ANTONIO,Italy,+39 0832 756 230
NUOVA CASTELVINI COOP S.P.A.,Italy,+39 0998 491 041
KELLERSBERGER MHLE GMBH,Germany,+49 240 42 54 11
HORECA DIFFUSION S.R.L.,Italy,+39 0119 921 815
CANTINA SOCIALE S. GIACOMO,Italy,+39 0872 620 504
CANTINA SOCIALE BARBERA DEI SEI CASTELLI,Italy,+39 0141 964 004
BARRY CALLEBAUT FRANCE,France,+33 1 30 22 84 00
SOCIETE BISCARRAT,France,+33 4 77 32 02 90
AGRAVIS KORNHAUS OSTWESTFALEN GMBH,Germany,+49 527 23 70 30
PRTORIUS GMBH,Germany,+49 431 54 02 90
AZZONI DI AZZONI ANDREA E PAOLO & C. S.N.C.,Italy,+39 0372 560 887
PASTICCERIA SVIZZERA VITAL GASPERO S.A.S.,Italy,+39 0103 629 278
FIRMA M.A.S. S.J.,Poland,+48 58550 47 72
METAGENICS ITALIA S.R.L.,Italy,+39 0422 967 669
PORTO VIRO S.N.C. DI LAURENTI LUCIANA E C.,Italy,+39 0426 632 778
LA FONTE,Italy,+39 0457 581 033
MROZONKI - ZAKLAD GARMAZERYJNY,Poland,+48 94316 62 99
PASTIFICIO RANA S.P.A.,Italy,+39 0458 587 311
SALUMMONTE S.N.C. DI SAVERIANO NICOLA & C.,Italy,
AURIEMMA S.R.L.,Italy,+39 0823 620 299
GENERAL PACK S.R.L.,Italy,+39 067 221 582
BISCOTTIFICIO COLLU S.R.L.,Italy,+39 0709 600 162
FERRI IVO,Italy,+39 0965 794 329
CUKIERNIA KAROLAK S.C.,Poland,+48 32251 25 30
CERERE S.P.A.,Italy,+39 0276 008 930
CASEIFICIO VALDOSTANO S.R.L.,Italy,+39 0165 267 600
BARABINO ANDREA,Italy,+39 013 180 517
SARRAGIOTO DOLCIUMI,Italy,+39 0495 742 277
GOURMET SELECTION S.R.L.,Italy,+39 0858 958 602
AMADUZZI DI AMADUZZI SERENA E C. S.N.C.,Italy,+39 051 513 296
G.B. GESTIONE BAR DI LUONI CARLO & C. S.A.S.,Italy,+39 022 423 011
RIVA COSTANTE E C. ( S.N.C. ),Italy,+39 0399 241 235
DIROL CADBURY LLC,Russia,+7 81 66 54 96 20
ASID S.R.L.,Italy,+39 0973 662 250
LATTERIA VESUVIANA S.R.L.,Italy,+39 0818 982 643
KSEREI BAYREUTH E.G.,Germany,+49 92 17 97 60
DRINGER FLEISCHKONTOR ENGELBERT STUKENBORG GMBH & CO. KG,Germany,+49 474 49 22 20
LIMAGRAIN GMBH,Germany,+49 517 69 89 10
MANGIMIFICIO TRINCHERO ANTONIO & C. S.N.C.,Italy,+39 0141 934 123
TEODORI ROCCO,Italy,+39 0733 285 637
CHELSEA FOODS LTD,United Kingdom,+44 17 08 52 13 78
R. HELLMANN FLEISCHWARENFABRIK GMBH & CO.KG,Germany,+49 52239942700
NORDISCHE FUTTERFETTE CARROUX GMBH & CO. HANDELS-KG,Germany,+49 407 52 01 60
IL MONDO DEI CUCCIOLI S.N.C. DI BRANDI SABRINA E GRANDI MORENO,Italy,+39 055 602 015
PASTIFICIO LA SOVRANA DI PUGLIA S.R.L.,Italy,+39 0883 661 532
VINOLEA PARADISO S.R.L.,Italy,+39 0885 428 720
BRUNO SCHULZ U. SOHN GMBH & CO. KG,Germany,+49 27 22 95 30
"PANIFICADORA REGIONAL DA VERMELHA, UNIPESSOAL, LDA.",Portugal,+351 262 69 64 65
AGRICOLA CORNE,Italy,+39 0354 521 113
FLEISCHEREI + PARTYSERVICE HANS-HERMANN EIKEMEIER,Germany,+49 511 98 77 80
ESSEPI S.R.L.,Italy,+39 091 306 836
SEVERN & WYE SMOKERY LIMITED,United Kingdom,+44 14 52 76 01 90
MOKADOR S.R.L.,Italy,+39 054 622 422
BLESSING BIOTECH GMBH,Germany,+49 71 18 99 94 70
NUOVA LEM - LINEA ECOLOGICA MANGIA S.R.L.,Italy,+39 0775 294 559
FATTORIE GAROFALO,Italy,+39 0823 622 681
CHIELLINI PRODOTTI DI CURNIS L.,Italy,
SAN MARTINO S.R.L.,Italy,+39 079 435 479
PASTIFICIO ARTIGIANO MENINI DI PREOSTI BRUNA & C. S.D.F.,Italy,+39 0457 952 566
BIALSWIESKA S.J.,Poland,+48 85743 37 59
GV GETRNKE-VERTRIEBS GMBH,Germany,+49 28 41 91 00
HOCHEIFEL QUELLE GMBH,Germany,+49 65 91 98 31 10
TSUNAMI SUSHI BARS GMBH & CO. KG,Germany,+49 21315231612
DITTA PETROLATI DI PETROLATI MARINO E MARINIELLO A S.N.C.,Italy,+39 022 132 484
AESSE SERVICE S.R.L.,Italy,+39 0721 283 667
SOGELMER - OCALLIANCE,France,+33 2 97 37 08 00
CASEIFICIO SESTO,Italy,+39 0474 710 251
BIO S.L.Y.M. S.R.L.,Italy,+39 0375 782 256
APULIA FOOD S.R.L.,Italy,+39 0883 613 051
STE TNNE D'ALIMENTATION ET CONFISERIE,Tunisia,+216 21 37 39 85
"STE LES QUATRES S ""4S""",Tunisia,+216 26 28 30 00
FROMAGERIE DU NORD,Tunisia,+216 98 60 02 49
LINOISE,Tunisia,+216 95 50 09 00
STE NICOISE,Tunisia,+216 21 05 26 53
HUILERIE BAZZA,Tunisia,+216 78 46 54 09
STE ITALO-TNNE D'INDUSTRIE AGRO ALIMENTAIRE,Tunisia,+216 23 52 34 14
STE DHIEB FRERES,Tunisia,+216 21 74 07 07
STE GLE DE CONSERVES,Tunisia,+216 98 33 82 51
BISCUITERIE BOUBAKRI,Tunisia,+216 75 86 21 42
AZ. VITIVINICOLA LA MORADELLA DI BERNINI M. E G. SOCIETA' AGRICOLA S.S.,Italy,+39 0523 868 498
ADM HAMBURG AG,Germany,+49 40 75 19 40
DORRA DES INDUSTRIES MAGHREBINES ALIMENTAIRES,Tunisia,+216 76 21 57 10
BOULANGERIE DHIBI ZAARA,Tunisia,+216 97 35 66 14
BRAUEREI AUGUST HELBIG KOMMANDITGESELLSCHAFT,Germany,+49 64713908183
COMPLEXE IND MESSAOUDI,Tunisia,+216 78 87 02 74
LINEMAR S.R.L.,Italy,+39 069 878 596
GILLMEIER FLEISCHWAREN GMBH,Germany,+49 991 67 81
DOLCERIE VENEZIANE S.R.L.,Italy,+39 0422 822 737
LI. BIOGROUP S.R.L.,Italy,+39 0458 301 811
PIEKARNICTWO S.C. BIALAS,Poland,+48 74817 31 19
TRAWERS. PHU. HURTOWNIA ART. SPOAYWCZYCH I NAPOJOW,Poland,+48 58785 06 80
MARCUCCI CENTRO CARNI ( S.N.C. ),Italy,+39 0873 900 355
F.LLI CONTORNO S.R.L.,Italy,+39 0916 214 023
PESCHERIA BONGIOVANNI AGOSTINO & C.,Italy,+39 0182 645 602
AGROMED SA,Tunisia,+216 98 40 32 81
AGR.I.T,Tunisia,+216 99 50 66 88
CASEIFICIO ARTIGIANALE MOROZZESE S.R.L.,Italy,+39 0171 772 530
ALIMENTARI FRANCIACORTA S.R.L.,Italy,+39 0306 846 063
EASTBROOK FARM ORGANIC MEATS LIMITED,United Kingdom,+44 17 93 79 04 60
CASEIFICIO GIOVANNI INVERNIZZI S.R.L.,Italy,+39 0363 880 145
STEFANO MARDEGAN S.R.L.,Italy,+39 0234 538 689
OLEIFICIO MELCHIORRI,Italy,+39 0743 221 384
ZAANOUNI KAIS,Tunisia,+216 73 32 05 91
STE MAGHREBINE DE MINOTERIE,Tunisia,+216 71 24 01 30
GEL INGREDIENTI,Tunisia,+216 95 55 66 99
STE D'ABBATAGE DE VOLAILLE,Tunisia,+216 77 41 82 22
MABROUKA HAMBLI,Tunisia,+216 93 42 43 38
SPLDZIELCZA AGROFIRMASWITKOWO - MIESZALNIA PASZ,Poland,+48 91561 27 29
HABIB YOUSSEF,Tunisia,+216 98 62 40 23
SOTRAPAL,Tunisia,+216 74 24 64 60
TAREK CHAOUCH,Tunisia,+216 98 20 82 12
STE EL BARAKA DE KELIBIA,Tunisia,+216 97 41 04 80
YAOURTERIE SIDI MECHREG,Tunisia,+216 98 21 42 92
SELLAMI SALEM,Tunisia,+216 92 91 90 71
CANNOLIFICIO MONGIBELLO S.R.L.,Italy,+39 0957 916 741
BUCHHOLZ GRO- UND EINZELHANDEL GMBH & CO. KG,Germany,+49 201 48 41 96
SALUMIFICIO SAN PROSPERO S.R.L.,Italy,+39 0521 887 149
CONSERVAS NAPAL SA,Spain,+34 948 84 32 08
JACOB FRUITFIELD FOODS LIMITED,Ireland,+353 14 04 37 00
CASEIFICIO VALLI DI LANZO S.R.L.,Italy,+39 0123 347 460
TCHIBO COFFEE SERVICE GMBH,Germany,+49 406 38 70
PIATTOPRONTO S.R.L.,Italy,+39 0577 984 399
PRODOTTI ALIMENTARI BRUNORI,Italy,+39 0721 891 920
SALUMIFICIO BRUGNOLO GIANCARLO S.P.A.,Italy,+39 049 625 155
BONUCCELLI SALUMI,Italy,+39 0584 989 680
CASEIFICIO SOCIALE CASTELLAZZO,Italy,+39 0522 652 862
PASTIFICIO ARTIGIANALE ALTA VALLE SCRIVIA,Italy,+39 010 938 433
B&B PRODUKTSLODYCZE REKLAMOWE,Poland,+48 22724 61 66
PASTICCERIA ISOLANA DOMIANEDDA DI URRU CLAUDIO,Italy,+39 079 588 930
GEL.MAR S.R.L.,Italy,+39 0832 966 871
FRATELLI CEI S.R.L.,Italy,+39 057 382 925
CANTINA COLONNELLA,Italy,+39 0861 710 405
GRANDI VINI BARON S.N.C. DI BARON ANGELO & C.,Italy,+39 0424 570 806
GETRNKE-LOGISTIK GERHARD STEPPER E.K.,Germany,+49 725 16 04 07
LE GOLOSITA' DI ZIA CRI,Italy,+39 0144 715 059
GEBR. MLLER,Germany,+49 932 38 99 40
PASTICCERIA CAPETTA S.R.L.,Italy,+39 0521 621 083
RODI PETFOOD NETTETAL GMBH,Germany,+49 215 71 20 30
HANS STRASSER OHG,Germany,+49 803 12 04 50
DETERFOOD S.R.L.,Italy,+39 0804 136 077
ZAKLADY MIESNE KUJAWY SP. Z O.O.,Poland,+48 52371 76 93
ZAFFERANO DI TURRI DI PICCHEDDA ELVERIO E FIGLI S.N.C.,Italy,+39 078 395 101
BUONGUSTOITALIA FOOD & BEVERAGE S.R.L.,Italy,+39 0998 803 885
DISTILLERIA GUALCO BARTOLOMEO E SUSANNA DI GIORGIO E MARCELLA SOLDATIN,Italy,+39 0143 841 113
CUISINE DE FRANCE (MANUFACTURING) LIMITED,Ireland,+43 14 05 72 00
ORIOLI SILVIO S.R.L.,Italy,+39 0331 261 438
MERTZ GMBH,Germany,+49 76 41 84 62
CANTINE BORGO DI COLLOREDO S.R.L.,Italy,+39 087 557 453
STRIANESE CONSERVE SRL,Italy,+39 0818 277 580
FATTORIA DEI BARBI S.R.L.,Italy,+39 0577 841 111
POLINI FRANCESCO,Italy,+39 0365 641 420
GAIDI ABDELFATTAH,Tunisia,
ETS ZRELLI,Tunisia,
STE AGRO-DISTRIPLUS,Tunisia,
COLUMBIAN CHEMICALS EUROPA GMBH,Germany,+49 511 63 08 90
ATLANTIC PRODUCTS SP. Z O.O.,Poland,+48 91397 43 96
CANTINA SOCIALE DEI COLLI PESARESI,Italy,+39 072 151 924
STE BORJ ESSAYEH,Tunisia,
CANADO-TNNE DES INDUSTRIES AGRO-ALIMENTAIRES,Tunisia,
STE DES INDUSTRIES ALIMENTAIRES DE KORBA,Tunisia,
STE FROMAGE BEJA,Tunisia,
ZEUS COMMERCIALE S.R.L.,Italy,+39 0332 811 954
GIUSEPPE ROSSO SOCIETA' AGRICOLA UNIPERSONALE,Italy,+39 0932 667 943
SALUMIFICIO MURRU S.P.A.,Italy,+39 0784 978 270
PASTICCERIA CAFE' GIANNELLI,Italy,+39 0456 490 218
MANGIMI COMCIMI E CEREALI DI GALLO STANISLAO,Italy,+39 096 280 300
FATTORIA CUSONA,Italy,+39 0577 950 089
ECO - VER S.R.L.,Italy,+39 0108 353 513
"SIDRA ESCANCIADOR, S.A.",Spain,+34 985 89 00 50
BARONE AMERIGO SAGNA E FIGLI CASA FONDATA NEL 1928 S.P.A.,Italy,+39 0118 131 632
DELIZIE DI CALABRIA DI REITANO PASQUALE & C. S.A.S.,Italy,+39 0966 612 059
SAN CARLO GRUPPO ALIMENTARE S.P.A.,Italy,+39 0543 796 565
ENOTECA TALENTI,Italy,+39 0686 896 488
FAHNER LANDBRENNEREI GMBH U. CO. KG,Germany,+49 36 20 62 27 25
LEONE INDUSTRIA ALIMENTARE S.R.L.,Italy,+39 0874 390 203
DE CLEMENTE CONSERVE S.P.A.,Italy,+39 0815 138 033
SIBAT TOMARCHIO S.R.L.,Italy,+39 09 580 358
AMNOL CHIMICA BIOLOGICA S.R.L.,Italy,+39 0321 499 199
NINO VACCA DI GIOVANNI VACCA & C. S.N.C.,Italy,+39 078 370 665
CASEIFICIO LA STELLA S.R.L.,Italy,+39 0823 812 511
IMCA S.P.A.,Italy,+39 081 916 615
CASEIFICIO ROBERTA S.R.L.,Italy,+39 089 826 224
CORSINI BISCOTTI S.R.L.,Italy,+39 0564 957 866
AUGUSTSWIANKA SP. Z O.O.,Poland,+48 87644 31 32
FUSARO SALVATORE,Italy,+39 0984951 909
JAMONES Y EMBUTIDOS VAZQUEZ S. L.,Spain,+34 959 12 65 38
CASEIFICIO DI NUCCI DI DI NUCCI FRANCO,Italy,+39 086 577 288
DIETZ GMBH,Germany,+49 714 25 10 97
DELIZIE DELL ORTO S.R.L.,Italy,+39 0885 782 516
BOSIO S.R.L.,Italy,+39 0119 492 538
FERRONI & BERETTA S.R.L.,Italy,
BRUSCHI QUALITA' & SERVIZI,Italy,+39 052 596 430
KELLEREI KALTERN - CALDARO,Italy,+39 0471 964 454
BODEGAS DINASTIA VIVANCO SA,Spain,+34 941 32 23 60
FRIGORIFICOS MORALES SA,Spain,+34 968 55 21 11
CONSERVAS MARTINEZ SA,Spain,+34 968 62 66 25
ESPURGO SERVIZI TECNOLOGICI AMBIENTALI S.N.C. DI ALBERINI A. E GUAITOLINI,Italy,+39 0522 953 995
S.I.D.AL. S.R.L.,Italy,+39 0573 531 781
ESTRELLA DE LEVANTE FABRICA DE CERVEZA SA,Spain,+34 968 87 98 00
ACCADEMIA OLEARIA S.R.L.,Italy,+39 079 980 394
MANIACI DISTRIBUZIONE S.R.L.,Italy,+39 0921 383 284
FAOTTO BOTTIGNOLO S.R.L.,Italy,+39 0422 401 834
OLEARIA CLEMENTE S.R.L.,Italy,+39 0884 543 955
MAISEL BRU BAMBERG HOLDING GMBH & CO. KG,Germany,+49 951 91 82 70
PASTICCERIA CAVALIERE DI CAVALIERE PAOLO E MARCO S.N.C.,Italy,+39 031 780 791
CANTINA DEL COLLE,Italy,+39 0803 036 138
LORMAN S.R.L.,Italy,+39 0373 980 926
ULTRACONGELADOS AZARBE SA,Spain,+34 968 87 01 73
INDUSTRIE MONTALI S.R.L.,Italy,+39 0522 863 181
PELLEGRINI S.R.L.,Italy,+39 04 294 928
ITALGUM CARAMELLE S.R.L.,Italy,+39 0142 497 817
AUGUSTOWIANKA SP Z O O,Poland,+48 87644 31 32
FIRMA HANDLOWO USLUGOWA SOBIK LESZEK SOBIK,Poland,+48 33479 40 61
CANTINA PONTE VECCHIO,Italy,+39 0423 981 363
ATLANTIS SEAFOODS GMBH,Germany,+49 47 17 30 75
FILIERA AGROALIMENTARE TRENTINA S.P.A.,Italy,+39 0461 757 496
BENEDETTI LIQUORI DI VALBUSA LUCA,Italy,+39 042 322 109
AGROPAK - TATARSTAN,Russia,+7 85 59 55 58 95
LES MOULINS DU BION,France,+33 4 74 43 53 70
RICARDO FUENTES E HIJOS TRANSPORTES SA.,Spain,+34 968 55 41 41
CIGOGNOLA S.R.L.,Italy,+39 038 585 601
GETRNKE SCHNEIDER GMBH,Germany,+49 68 21 44 22
AMORETTI E GAZZANO DI AMORETTI GIUSEPPE E C. S.A.S.,Italy,+39 0183 768 259
SOAVE S.R.L.,Italy,+39 0831 822 311
PODERE SAN VINCENZO,Italy,+39 3428 016 374
FOSSA PELLEGRINI S.N.C. DEI F.LLI PELLEGRINI E MARTA CAPODILISTA & C.,Italy,+39 0541 948 542
GETRADOIL SA,Switzerland,+41 22732 55 82
ADRAGNA,Italy,+39 0924 514 793
JACKSONS OF PICCADILLY LIMITED,United Kingdom,+44 120282 35 46
"BOGAND PRZETWRSTWO I HANDEL ZBOZEM ANDRZEJ ZAJAC, BOGUMIL ZAJAC, STEFAN ZAJAC S.J.",Poland,+48 56678 80 04
MAMERTO DE LA VARA SL,Spain,+34 962 51 15 45
CANTINA CAVALIERI DI BENEDETTI GABRIELE,Italy,+39 073 784 859
SALZWEDELER BAUMKUCHENBETRIEBE BOSSE GMBH,Germany,+49 393 16 99 00
DE GUSTIBUS S.R.L.,Italy,+39 02 515 147
FRIEDRICH VIEHMEIER IMMOBILIEN GMBH & CO. KG,Germany,+49 66 96 14 53
PLACES TRADING LIMITED,United Kingdom,+44 145252 23 69
THOMAS HANRAHAN & SONS LTD,Ireland,+353 61 21 03 00
CONTINENTALE NUTRITION,France,+33 3 21 99 08 08
INDUSTRIA ALIMENTARE IGEA S.R.L.,Italy,+39 0429602 228
GETRNKE WLLNER GMBH & CO. KG,Germany,+49 52177 01 50
DOLCIARIA LUIGIA,Italy,+39 0541 346 074
BRAUEREI GUT FORSTING EG,Germany,+49 80 94 10 11
FIRMA HANDLOWA IWONA KOZIOL I TADEUSZ KOZIOL S.J.,Poland,+48 32363 77 20
SA ALIMENTARIA ARAGONESA,Spain,+34 976 66 27 95
HAZELDENE FOODS LIMITED,United Kingdom,+44 177281 29 55
NEUMANN SMOSTKELTEREI GMBH,Germany,+49 33 38 81 01
BUCHHOLZER KELTEREI BREITBARTH GMBH & CO. VERTRIEBS-KG,Germany,+49 30 47 47 17 60
GNTER BAUER FLEISCH- UND WURSTWAREN HERSTELLUNGS- UND VERTRIEBS GMBH & CO. KG I.L.,Germany,+49 30625 20 82
SPOLEM POWSZECHNA SPOLDZIELNIA SPOZYWCOW NOWA HUTA W KRAKOWIE,Poland,+48 12641 14 00
SPOLDZIELCZA AGROFIRMA WITKOWO,Poland,+48 91576 08 48
SALSAMENTARIA S.R.L.,Italy,+39 0114 513 903
CONSERVAS JABUGO S.L.,Spain,+34 959 12 82 46
PASTIFICIO FRACARO S.R.L.,Italy,+39 0444 455 778
BTZOWER MOLKEREI UND DAUERMILCHWERK GMBH,Germany,+49 38 46 14 70
FRHSTCKS-DRINK-GMBH,Germany,+49 73 44 95 00
BUNGE DEUTSCHLAND GMBH,Germany,+49 62 13 70 40
ROYAL GREENLAND ITALIA S.P.A.,Italy,+39 0362 368 426
CUKROWNIA ROPCZYCE S.A.,Poland,+48 172 22 90 00
MAININI MARIO,Italy,+39 037 582 439
CARNICAS EMBAJADORES SA,Spain,+34 917 85 52 65
ADEGA CONDES DE ALBAREI SA,Spain,+34 986 54 35 35
THOMAS DEURINGER TEIGWARENFABRIKATION,Germany,+49 764 14 22 09
VICTA,Italy,+39 0415 936 375
AHRENS FLEISCH-FEINKOST-PARTYSERVICE GMBH,Germany,+49 51 83 12 51
PRZEDSIEBIORSTWO PRZEMYSLU SPIRYTUSOWEGO POLMOS W WARSZAWIE S A,Poland,+48 22826 61 03
ALIMENTA DI ROBERTO & RICCARDO MARTINI & C. S.N.C.,Italy,+39 0183 291 720
GRAZIANO S.A.S. DI GRAZIANO GIUSEPPE & C.,Italy,+39 0983 514 458
POWSZECHNA SPOLDZIELNIA SPOZYWCOW SPOLEM W BIALYMSTOKU,Poland,+48 85742 32 20
CARNITALIA S.R.L.,Italy,+39 0377 420 033
MAKEN MEHILISTILA,Finland,+358 400 54 42 04
VOCAR ESCARGOT VOCAR - PUZ D.O.O.,Serbia,+381 26 65 17 54
EURODOLCIARIA S.R.L.,Italy,+39 035 882 334
RYAZHSKII POGREBOK,Russia,+7 49 13 22 21 78
AGDOR ZAKLAD PRZETWORSTWA ZBOZ A DROZDOWSKI K SITKIEWICZ A BOROWIK SPOLKA JAWNA,Poland,+48 56683 71 26
PIACENTINI F LLI,Italy,+39 0523 863 259
AGRO BOR LOUISA SP Z O O,Poland,+48 95752 56 41
BODEGAS MARQUES DE VIZHOJA SA,Spain,+34 986 66 58 25
EMBUTIDOS VELILLA SL,Spain,+34 918 70 45 55
CAFES LA BRASILEA SA,Spain,+34 945 26 50 00
BOCHUMER FLEISCHHANDELSGES. MBH,Germany,+49 234 52 90 40
CASEIFICIO VALLE VERDE S.R.L.,Italy,+39 0874 782 205
FAMIS CO D.O.O.,Serbia,+381 113 14 90 83
"SLOVENSKE CUKROVARY, S.R.O. - ZAVOD RIMAVSKA SOBOTA",Slovakia,+421 31560 44 01
MAJONEZY SPOLDZIELNIA PRACY PRODUKCYJNO HANDLOWA W KETRZYNIE,Poland,+48 89751 22 15
CORTES BARTOLOME SL,Spain,+34 983 29 14 25
STE EL FELLAH,Tunisia,+216 71 43 20 65
MORAY HOLDINGS LIMITED,United Kingdom,+44 15 42 83 12 96
FRIGORIFICOS COSTA SUR SL,Spain,+34 956 40 64 38
SALUMIFICIO DEL CONERO S.R.L.,Italy,+39 0717 822 131
CUKIER POLSKA SP ZOO,Poland,+48 12427 04 31
HARRY-BROT GMBH,Germany,+49 40 83 03 50
I - CAR S.R.L.,Italy,+39 0108 386 222
WILHELM ROOSE GMBH,Germany,+49 428 19 33 60
ALCAHUZ DISTRIBUCIONES SA,Spain,+34 916 94 61 62
TOMASONI FRATELLI S.N.C. DI TOMASONI OTTORINO & C.,Italy,+39 030 951 007
ARTLAND FLEISCHWAREN GMBH,Germany,+49 543 36 90
BODEGAS ARZUAGA NAVARRO S.L.,Spain,+34 983 68 11 46
DISTRIBUCIONES PLATA GRANADA S.L.,Spain,+34 958 50 64 61
ENERHAUS IMPORT S.L.,Spain,+34 933 05 14 73
BEISIEGEL TRINKFRUCHT-KELLEREI GMBH,Germany,+49 67 12 80 52
VOGLIA DI PANE LEONARDI,Italy,+39 0931 745 298
VILLENEUVE WINES LTD,United Kingdom,+44 172172 25 00
INDUSTRIA CARNICA MARTIN MARTIN SL,Spain,+34 921 49 75 06
PRZEDSIEBIORSTWO PRODUKCYJNO HANDLOWE MATMAR COMINDEX SP Z O O,Poland,+48 52356 00 80
GRUPO HERMANOS MARTIN  SA,Spain,+34 954 93 79 99
DISTRIBUCIONES RODRIGO SA,Spain,+34 976 31 33 12
MLINOSTEP D.O.O.,Serbia,+381 21 52 91 32
PASTIFICIO STROPPA S.R.L.,Italy,+39 0290 722 130
KONEC S.R.L.,Italy,+39 043 486 203
CONSERVAS TERRAMAR SOCIEDAD ANONIMA.,Spain,+34 976 86 14 40
BACARDI GMBH,Germany,+49 40 33 95 00
PASTICCERIA L'ORCHIDEA DI GIOVANNI CERRETANI E C. S.A.S.,Italy,+39 0854 175 401
SFV SCHMLZLE FLEISCHVERSORGUNG GMBH & CO. KG,Germany,+49 71 21 99 42 40
KUNELLA FEINKOST GESELLSCHAFT MIT BESCHRNKTER HAFTUNG,Germany,+49 35 52 31 51
PRECOCINADOS TITERROY SOCIEDAD LIMITADA.,Spain,+34 928 80 32 00
ACEITUNAS GUEROLA SOCIEDAD LIMITADA.,Spain,+34 962 86 23 73
PSZCZOLKA SPOLDZIELNIA OGRODNICZO PSZCZELARSKA,Poland,+48 468 37 38 43
MARCO POLO TRADE AND MARKETING S.L.,Spain,+34 932 84 72 78
CAFFREYS (MILLBROOK) LTD,Ireland,+353 49854 11 33
THE JACOB'S BAKERY LIMITED,United Kingdom,+44 151525 36 61
ARTIGIANI PASTAI DI SCOGNAMIGLIO FRANCESCO,Italy,+39 0818 582 917
COMPANIA OLEICOLA S XXI S.L.,Spain,+34 927 41 79 58
ALDISA TRANSCONTINENTAL SOCIEDAD ANONIMA,Spain,+34 962 40 23 51
KARL SCHMIDT GMBH,Germany,+49 574 39 30 30
BISCOTTERIA TONON S.P.A.,Italy,+39 0458 550 100
BEL DEUTSCHLAND GMBH,Germany,+49 89 66 69 60
CASEIFICIO SANT'ANTONIO S.N.C.,Italy,+39 097 521 441
AUGUST KRGER KG GETRNKE-INDUSTRIE,Germany,+49 57 24 40 01
FATTORIE GENNARGENTU S.R.L.,Italy,+39 078 458 017
WINTERS FRISCHDIENST GMBH,Germany,+49 67 51 40 16
NATURALMENTE S.R.L.,Italy,+39 0141 954 832
DSM NUTRITIONAL PRODUCTS SP. Z O.O.,Poland,+48 468 57 31 31
ERRE EMME S.R.L.,Italy,+39 0775 533 207
CHLODNIA OLSZTYN SP. Z O.O.,Poland,+48 895 33 83 58
CENTRAL LECHERA ASTURIANA SOCIEDAD AGRARIA DE TRANSFORMACION NUM 471 LIMITADA,Spain,+34 985 10 11 00
JOSEF WERNKE GMBH EG-SCHLACHT- UND ZERLEGEBETRIEB IMPORT-EXPORT,Germany,+49 44 71 88 04 22
SCHLOSS GHRDE GMBH,Germany,+49 586140 51
MURGIA SERGIO S.R.L.,Italy,+39 0783 858 020
PICCIAU SALVATORE,Italy,+39 0709 639 106
GHIRARDI GIORDANO S.R.L.,Italy,+39 0425 444 973
ELABORATS SANT JOAN S.L.,Spain,+34 972 29 30 96
RAVIOLIFICIO SAN MARCO DI TROLESE G. E C. ( S.N.C. ),Italy,+39 0332 463 356
NEW PET FOOD ITALIA S.R.L.,Italy,+39 0376 946 100
CONFISERIE ROHAN,France,+33 3 88 57 85 85
SCHMIDT FLEISCHWAREN GMBH,Germany,+49 517160 61
PREMIUM GMBH,Germany,+49 42 81 75 50
MOLITERNO VITO,Italy,+39 0806 900 762
BARISON ANNALISA,Italy,+39 0532 838 179
KSTENLAND MILCHUNION MECKLENBURG-VORPOMMERN GMBH,Germany,+49 39 61 27 20
SANCHEZ ALCARAZ S.L.,Spain,+34 918 17 08 07
BARTOLI STEFANO FATTORIA POGGIOPIANO,Italy,+39 0558 229 629
EIERENGLORIE VERMEULEN B.V.,Netherlands,+31 251 21 42 42
ZERBONE FRATELLI S.R.L.,Italy,+39 010 518 272
MEGA INTERNATIONAL S.R.L.,Italy,+39 0630 889 387
SOCIETA' AGRICOLA BUTTERI DI BUTTERI ENZO & FIGLI,Italy,+39 0524 570 722
ARGANEO SARL,Morocco,+212 28 30 87 29
METZGEREI A. HUFNAGEL GMBH,Germany,+49 620 16 10 55
SALUMIFICIO SCHETTINO RAFFAELE S.R.L.,Italy,+39 0818 212 149
SDERVIDINGE BRD AB,Sweden,+46 4673 01 50
INDUSTRIA ALIMENTARE CARAZITA S.R.L.,Italy,+39 0883 685 094
LATTICINI IOVINE S.R.L.,Italy,+39 0818 806 972
I DIVINI DI FRANCESCO CHICCO,Italy,+39 0883 292 331
ROSSI GIANTS S.R.L.,Italy,+39 0444 370 287
EULOGIO CASTAO RODRIGUEZ SA,Spain,+34 959 24 55 37
OSLO MIKROBRYGGERI AS,Norway,+47 22 56 97 76
STEINHUSER GMBH,Germany,+49 751 36 61 40
CONSERVAS NARDIN S.L.,Spain,+34 943 86 11 50
BODEGAS DEL MARQUES DE VARGAS SL.,Spain,+34 941 26 14 01
TIFFANY DI DEIDDA IGNAZIO S.N.C.,Italy,+39 070 813 842
JOSE AGULLO DIAZ E HIJOS SL,Spain,+34 965 82 78 34
PETER FRAUEN & CO. OHG,Germany,+49 485 29 68 80
HANSA LANDHANDEL LAHDE GMBH & CO. KG,Germany,+49 42 81 71 00
ABRUZZO VINI S.R.L.,Italy,+39 0859 709 636
DISTRIBUIDORA ISLA BLANCA SA,Spain,+34 971 31 44 81
CORVINI S.R.L.,Italy,+39 0543774 233
INDUSTRIAS CARNICAS VAQUERO S.A.,Spain,+34 917 79 10 50
COPERATIEVE AAN- EN VERKOOPVERENIGING ZUID-OOST SALLAND UA,Netherlands,+31 548 59 56 62
CADWALADER (ICE CREAM) LIMITED,United Kingdom,+44 17 66 52 24 78
ROLUEMA DI CALITRI L. SS,Italy,+39 0881883 023
FRATELLI RATTI,Italy,+39 053 581 592
AVEVE NEDERLAND B.V.,Netherlands,+31 464 37 44 44
BODEGAS E MENDOZA SL,Spain,+34 965 88 86 39
WEIDENAAR WORST B.V.,Netherlands,+31 519 24 12 75
SUNCREAM DAIRIES LIMITED,United Kingdom,+44 1827541 96
EFES PAZARLAMA VE DAGITIM TICARET A S,Turkey,+90 212449 36 00
CASEIFICIO PROGRESSO,Italy,
ROTH GMBH,Germany,+49 634 18 50 09
SANTA MARIA B.V.,Netherlands,+31 306 02 34 90
SABORES EXTREMEOS SL,Spain,+34 924 67 01 60
VAN HOOF-SWINKELS B.V.,Netherlands,+31 402 01 24 04
G.M. S.R.L.,Italy,+39 0498 702 971
KATTEGAT SEAFOOD A/S,Denmark,+45 87 52 73 00
FRATELLI SANTORELLI,Italy,+39 0818 251 139
CASEIFICIO PRINCIPE S.R.L.,Italy,+39 0818 188 345
CASEIFICIO ANDRIESE - BONTA' GENUINA S.R.L.,Italy,+39 0883 535 656
AGRICOLA PLINIANA,Italy,+39 0999 794 273
BEPPE SEREN E C. S.N.C. DI GIUSEPPE SEREN,Italy,+39 051 727 255
TENUTA CASTELLO DI RAZZANO S.S.,Italy,+39 0141 922 487
A7B BOHEMIA A.S.,Czech Rep.,+420 220 97 14 66
ROSSIGNOTTI ANGELO ( S.R.L. ),Italy,+39 018 541 034
CAMPAGNOLA S.R.L.,Italy,+39 051 969 020
SLACHTERIJ/GROSSIERDERIJ WOUTERS B.V.,Netherlands,+31 297 59 33 14
HAASNOOT PELAGIC IMPORT B.V.,Netherlands,+31 255 51 33 49
GALLOTTI S.R.L.,Italy,+39 0815 109 023
JOS SLIPPENS VLEESWAREN B.V.,Netherlands,+31 22635 38 82
SMETANOVA CUKRARNA A.S.,Czech Rep.,+420 272 94 23 32
VAN SCHOTHORST FOOD B.V.,Netherlands,+31 17265 12 15
PENTAGON S.C.,Spain,+34 786 37 76 71
VANDEMOORTELE ITALIA S.P.A.,Italy,+39 03 964 191
NAABTALER MILCHWERKE GMBH & CO. KG,Germany,+49 961 38 91 20
H.G. VAN DORRESTEIJN HOLDING B.V.,Netherlands,+31 356 01 51 75
R & A VASA WINERY LTD,Cyprus,+357 2594 59 99
C.LA.R. S.R.L.,Italy,+39 0746 271 754
VINICOLA HERDONIA,Italy,
ANIS DE L ABBAYE DE FLAVIGNY TROUBAT,France,+33 3 80 96 20 88
FAGE UK LIMITED,United Kingdom,+44 20 76 30 50 00
CASEIFICIO DELL'ALTA LANGA S.R.L.,Italy,+39 0173 854 121
LECHNER GMBH FUTTERMITTELHANDLUNG,Germany,+49 876 24 62
NUTRICIA NEDERLAND B.V.,Netherlands,+31 79353 99 53
FRANTOIO TORRE DI MEZZO S.R.L.,Italy,+39 0923 841 590
V.O.F. FLYER MEAT UTRECHT,Netherlands,+31 41867 80 99
CONTINENTAL CHOCOLATE B.V.,Netherlands,+31 20407 05 40
CASEIFICIO PERRUSIO CARMELA S.P.A.,Italy,
BROODBAKKERIJ J.M. ULJEE B.V.,Netherlands,+31 10419 03 71
SIKMA VEEVOEDERS B.V.,Netherlands,+31 512 35 12 81
I.C.S. INTERNATIONAL B.V.,Netherlands,+31 78654 61 11
BAKKERIJ VAN ESCH,Netherlands,+31 59463 12 60
NEUTEBOOM KAAS- VERSWERELD B.V.,Netherlands,+31 715 76 35 18
ECOVAL HOLDING B.V.,Netherlands,+31 243 27 77 02
CONSORZIO DEL FORMAGGIO PARMIGIANO REGGIANO,Italy,+39 0522 700 211
DE LEKKERE DINGEN BAKKERIJ B.V.,Netherlands,+31 20690 43 25
LA CUCINA DI BOLOGNA S.R.L.,Italy,+39 0516 871 216
MARTARELLI FORMAGGI S.R.L.,Italy,+39 0719 470 019
SILFO S.R.L.,Italy,+39 078 572 329
CASCINE EMILIANE S.P.A.,Italy,+39 0522 688 560
TUKUMA PIENS AS,Latvia,+371 31222 22
CASEIFICIO LA MADONNINA S.N.C. DI IEMMI MARCO E C.,Italy,+39 0524 570 905
LATTERIA SORESINA,Italy,+39 0374 349 111
DOUWE EGBERTS NEDERLAND B.V.,Netherlands,+31 30297 91 11
TSUKOR INVEST,Ukraine,+380 536 19 13 35
ARDOINO LORENZO,Italy,+39 0183 400 042
V.O.F. BROOD- EN BANKETBAKKERIJ DEN DULK,Netherlands,+31 71401 25 14
HADSUND KREATURSLAGTERI A/S,Denmark,+45 98 57 37 88
CAMILLERI WINES LIMITED,Malta,+356 21 41 23 91
DOLCIARIA FRANCIACORTA DI MARTINELLI NATALE E C. (,Italy,+39 0307 721 570
ANTICHI SAPORI LIGURI S.R.L.,Italy,+39 0187 518 156
SWEDISH MEATS EK. FOR.,Sweden,+46 13 23 45 00
AYIA MAVRI WINERY LTD,Cyprus,+357 2547 02 25
"PLZENSKY PRAZDROJ, A. S.",Czech Rep.,+420 377 06 11 11
F. NOORDHOEK EN ZOON B.V.,Netherlands,+31 172 61 93 33
GROSJEANSTETTLER SA,Switzerland,+41 219 03 03 55
METZGEREI ANGST AG,Switzerland,+41 444 97 96 96
M. DEMAJO (WINES & SPIRITS) LIMITED,Malta,+356 25 52 80 00